{"cameraMode":{"drawMode":0,"name":"Shaded","section":"Shading Mode"},"sceneLighting":false,"audioPlay":false,"sceneViewState":{"m_AlwaysRefresh":false,"showFog":true,"showSkybox":false,"showFlares":true,"showImageEffects":true,"showParticleSystems":true,"showVisualEffectGraphs":true,"m_FxEnabled":true},"in2DMode":false,"pivot":{"x":-0.30000001192092898,"y":0.05000000074505806,"z":27.95956039428711},"rotation":{"x":-0.12579956650733949,"y":0.05265126749873161,"z":-0.006708658300340176,"w":-0.9906625151634216},"size":0.12044122815132141,"orthographic":false}