{"cameraMode":{"drawMode":0,"name":"Shaded","section":"Shading Mode"},"sceneLighting":true,"audioPlay":false,"sceneViewState":{"m_AlwaysRefresh":false,"showFog":true,"showSkybox":true,"showFlares":true,"showImageEffects":true,"showParticleSystems":true,"showVisualEffectGraphs":true,"m_FxEnabled":true},"in2DMode":false,"pivot":{"x":-24.590316772460939,"y":7.4583539962768559,"z":5.666267395019531},"rotation":{"x":-0.13098767399787904,"y":-0.11808191984891892,"z":0.015707558020949365,"w":-0.9842171669006348},"size":46.7463264465332,"orthographic":false}