{"cameraMode":{"drawMode":0,"name":"Shaded","section":"Shading Mode"},"sceneLighting":false,"audioPlay":false,"sceneViewState":{"m_AlwaysRefresh":false,"showFog":true,"showSkybox":false,"showFlares":true,"showImageEffects":true,"showParticleSystems":true,"showVisualEffectGraphs":true,"m_FxEnabled":true},"in2DMode":false,"pivot":{"x":5.916225433349609,"y":1.9489312171936036,"z":10.156059265136719},"rotation":{"x":-0.12579956650733949,"y":0.05265126749873161,"z":-0.006708658300340176,"w":-0.9906625151634216},"size":3.6522605419158937,"orthographic":false}